District,Year,flowering_tmax_mean,flowering_tmin_mean,flowering_tmax_max,flowering_tmax_std,flowering_day_night_diff,flowering_rainfall_total,flowering_rainy_days,flowering_extreme_heat_days,flowering_heat_stress_days,grain_filling_tmax_mean,grain_filling_tmin_mean,grain_filling_tmax_max,grain_filling_tmax_std,grain_filling_day_night_diff,grain_filling_rainfall_total,grain_filling_rainy_days,grain_filling_extreme_heat_days,grain_filling_heat_stress_days,maturation_tmax_mean,maturation_tmin_mean,maturation_tmax_max,maturation_tmax_std,maturation_day_night_diff,maturation_rainfall_total,maturation_rainy_days,maturation_extreme_heat_days,seasonal_tmax_mean,seasonal_tmin_mean,seasonal_rainfall_total
Aligarh,2010,27.247142857142858,10.733928571428573,34.07,2.8255040286421496,16.513214285714287,20.6,8,0,5,31.405,13.558214285714287,36.92,2.933419821957276,17.846785714285716,4.33,5,3,19,40.23423076923076,20.88576923076923,43.16,1.6504258191798218,19.348461538461535,0.0,0,26,29.196464088397793,13.66303867403315,61.35
Aligarh,2011,25.820714285714285,9.766071428571427,30.28,2.2455700069435944,16.054642857142856,29.839999999999996,13,0,2,27.24035714285714,11.270357142857145,32.67,3.0826677745851248,15.969999999999999,24.68,12,0,7,35.98923076923076,17.328846153846158,38.1,1.106851112216717,18.66038461538462,0.22,3,21,28.125856353591164,12.223977900552486,44.08
Aligarh,2012,25.764482758620684,8.330344827586208,30.92,3.0941229846816007,17.43413793103448,2.0399999999999996,6,0,2,29.253448275862066,10.7251724137931,34.11,2.196731786511936,18.528275862068966,2.16,6,0,10,38.168846153846154,18.931538461538462,42.15,2.3618676117396187,19.23730769230769,1.12,2,23,28.360879120879122,11.824395604395605,51.839999999999996
Aligarh,2013,24.2925,9.880357142857141,29.65,2.795412412427826,14.412142857142854,64.14,12,0,0,28.730000000000008,11.947857142857144,34.38,4.1116699319898755,16.782142857142855,36.83,9,0,12,35.43538461538462,18.037692307692307,40.41,2.583755763642114,17.397692307692303,10.499999999999998,7,13,27.286408839779007,11.710662983425415,107.46000000000001
Aligarh,2014,22.78928571428571,8.814642857142859,26.11,1.9306397492204084,13.974642857142856,50.199999999999996,12,0,0,24.86642857142857,10.446428571428571,29.34,2.521230173407733,14.42,40.21000000000001,11,0,0,33.76769230769231,16.899615384615387,38.77,2.2057149547342836,16.86807692307692,4.67,11,5,27.251933701657457,11.885303867403314,136.57
Aligarh,2015,27.53571428571428,11.053928571428571,31.92,2.6671436081424313,16.481785714285714,2.38,10,0,6,28.141785714285714,12.916785714285712,31.92,2.951214506519657,15.224999999999998,63.629999999999995,16,0,7,32.97153846153846,17.126153846153848,37.53,3.1871111587865175,15.845384615384614,38.46,9,7,28.307734806629835,12.907513812154697,151.04999999999998
Aligarh,2016,28.795172413793104,11.294482758620688,34.33,2.697494367384103,17.500689655172415,1.4000000000000001,5,0,11,32.24655172413792,15.798275862068964,36.29,2.1310464831393268,16.448275862068964,14.28,10,2,24,37.57423076923077,20.163076923076922,42.84,2.5593423734653764,17.411153846153844,3.1100000000000003,7,21,30.95631868131868,14.181428571428574,17.74
Aligarh,2017,28.195,10.360714285714284,33.64,3.009209936917736,17.834285714285713,0.13,2,0,9,30.0575,12.707857142857145,33.64,2.288118465270344,17.349642857142857,16.779999999999998,7,0,18,38.128076923076925,19.462307692307693,42.53,3.6973222951003546,18.665769230769232,5.39,2,21,30.133314917127066,13.33801104972376,55.03
Aligarh,2018,29.36642857142857,12.032142857142857,34.02,2.914537272574759,17.334285714285716,2.69,3,0,12,33.46892857142858,15.225357142857144,38.08,2.313313063128795,18.243571428571432,1.25,2,8,27,37.48269230769231,19.45423076923077,41.28,2.205374449280318,18.02846153846154,18.009999999999998,5,22,30.0921546961326,13.215414364640882,35.87
Aligarh,2019,24.425000000000004,9.872857142857143,27.91,2.0200650887936664,14.552142857142858,21.3,12,0,0,26.7525,11.45535714285714,31.62,2.169394223348144,15.297142857142859,13.09,14,0,2,36.465,18.137307692307694,41.77,3.7404002459629906,18.32769230769231,2.4499999999999993,6,17,27.795745856353584,12.734696132596685,121.63000000000001
Aligarh,2020,25.56413793103448,8.70551724137931,30.73,2.9614119668560854,16.858620689655172,12.11,8,0,1,27.69965517241379,12.06241379310345,30.31,1.4917977715270274,15.637241379310346,67.83,19,0,2,33.457307692307694,16.832307692307694,37.04,2.3288822343644724,16.625000000000004,6.04,7,7,27.9778021978022,12.327252747252746,123.32000000000001
Aligarh,2021,28.70785714285714,11.617142857142856,34.69,3.2093340224608706,17.090714285714288,1.79,3,0,7,32.9325,15.101428571428572,37.11,2.563635475618921,17.831071428571427,3.32,4,6,22,37.63807692307692,19.564230769230768,41.44,1.982929185282761,18.07384615384615,0.16,2,24,28.752928176795585,13.129502762430937,54.72
Aligarh,2022,24.092499999999998,8.601071428571428,28.15,2.7878288711495216,15.491428571428573,22.99,9,0,0,28.841785714285717,12.108571428571429,36.61,3.2301152984483137,16.73321428571429,5.74,4,1,8,39.910384615384615,20.336923076923078,44.43,2.372498228904259,19.57346153846154,0.0,0,26,28.327679558011045,12.880055248618785,91.39
Amritsar,2010,25.800357142857145,10.034285714285716,32.82,3.3002698903584156,15.766071428571426,10.75,9,0,4,30.278571428571432,13.140714285714287,36.26,3.271343267296596,17.137857142857147,4.2,9,2,16,39.22153846153847,21.242307692307694,42.08,1.4303221799516144,17.979230769230767,0.03,2,26,29.161988950276243,13.442928176795581,35.05
Amritsar,2011,23.6525,9.218928571428572,27.88,2.175729124275865,14.433571428571426,26.460000000000004,15,0,0,25.95607142857143,10.652857142857144,35.91,4.2015264768236,15.303214285714287,14.63,14,1,5,34.955769230769235,17.11,38.55,1.9571881321465716,17.845769230769232,5.76,7,13,27.302375690607732,12.120331491712706,60.09
Amritsar,2012,22.860689655172415,6.726206896551723,27.91,2.8161763984859265,16.134482758620692,4.39,9,0,0,26.70551724137931,9.633448275862069,31.53,2.671231104895933,17.07206896551724,3.9699999999999998,8,0,4,35.714615384615385,17.976153846153846,39.57,3.2169852107452788,17.73846153846154,0.7,1,16,26.677857142857146,11.25489010989011,81.60000000000001
Amritsar,2013,23.362142857142857,9.497142857142858,26.46,2.163132771293382,13.864999999999997,72.82999999999998,15,0,0,26.86535714285714,11.828571428571427,32.24,3.9227309857092405,15.036785714285717,51.33,11,0,9,33.14346153846154,16.775000000000002,37.95,2.692869016209578,16.36846153846154,7.19,10,5,27.07530386740332,11.651988950276241,118.69
Amritsar,2014,23.185714285714287,8.079642857142858,26.28,2.180401642530872,15.106071428571425,12.970000000000002,13,0,0,25.568928571428575,10.14892857142857,31.49,2.7256644983695177,15.419999999999998,15.5,10,0,3,32.35307692307693,15.950384615384618,37.08,2.2035930100284293,16.40269230769231,27.9,13,2,26.420552486187844,11.13342541436464,125.12
Amritsar,2015,24.912857142857142,10.089285714285714,29.78,2.5532823568204894,14.823571428571427,46.209999999999994,11,0,0,24.633571428571425,10.911785714285715,29.78,3.052851992973995,13.721785714285714,107.91,18,0,0,30.663846153846155,16.197307692307692,36.72,3.4571526745841896,14.466538461538459,35.01,15,3,26.526298342541438,11.986132596685081,204.99
Amritsar,2016,26.272413793103446,9.138275862068966,33.15,3.309756848182154,17.134137931034484,6.42,7,0,6,29.604137931034487,13.478275862068969,34.41,2.6037013725537768,16.125862068965514,31.21,11,0,13,34.291538461538465,17.628846153846155,40.18,2.904335644938707,16.662692307692307,5.02,10,11,29.132417582417585,13.20357142857143,53.76
Amritsar,2017,25.75964285714286,9.944642857142858,30.02,3.0388307719117007,15.814999999999998,5.13,7,0,1,27.028214285714288,11.30857142857143,30.02,1.9942808108140022,15.719642857142857,24.11,11,0,1,35.37807692307692,18.350384615384616,39.92,3.4829240809765225,17.027692307692305,7.47,7,15,27.876243093922653,12.555580110497235,127.08
Amritsar,2018,26.15178571428572,10.053571428571429,30.98,3.3275116423776385,16.09821428571429,20.299999999999997,7,0,4,30.185,14.048928571428574,35.39,2.585806701262934,16.13607142857143,3.6500000000000004,8,1,14,35.581923076923076,18.445384615384615,39.66,3.117010130533129,17.13653846153846,13.47,10,17,28.107900552486193,12.424972375690608,59.45
Amritsar,2019,21.444999999999997,7.632142857142858,24.17,1.611248653132788,13.812857142857142,67.94,16,0,0,22.970357142857146,9.122142857142858,26.56,1.9195031805958171,13.848214285714283,40.64,18,0,0,33.81192307692308,16.777307692307694,39.47,4.417901781824281,17.034615384615385,0.6100000000000001,7,14,25.312486187845305,11.367900552486189,191.43
Amritsar,2020,23.445862068965525,8.671724137931035,27.83,3.330824133584209,14.774137931034485,10.89,6,0,0,24.949999999999996,11.269999999999998,27.83,2.4018950851359016,13.680000000000001,79.86,16,0,0,28.633076923076924,15.239615384615385,34.63,2.6363182952455024,13.393461538461537,35.83,14,0,24.563846153846153,10.995714285714284,246.54
Amritsar,2021,26.24178571428572,11.130357142857145,31.64,3.07795152366157,15.11142857142857,2.9700000000000006,5,0,5,30.386071428571434,14.1625,34.28,2.454999946120109,16.22357142857143,1.27,8,0,18,34.281923076923086,16.699615384615385,38.74,1.8453509568226187,17.582307692307694,11.83,5,8,27.229834254143647,12.080828729281768,61.78
Amritsar,2022,22.50142857142857,8.452857142857143,26.15,2.74040374733591,14.048571428571426,26.72,7,0,0,26.88821428571428,11.955714285714285,35.66,3.7870774949003807,14.9325,15.94,7,2,5,38.72076923076923,19.51076923076923,42.52,2.0666318938348422,19.21,0.0,0,26,27.829116022099445,13.034033149171272,142.68
Bathinda,2010,26.466785714285713,9.886428571428572,32.76,3.2629741642902106,16.580357142857142,7.869999999999999,8,0,6,31.01321428571428,13.401785714285714,36.53,3.195051791815111,17.611428571428572,4.140000000000001,5,3,20,39.635384615384616,21.138846153846153,42.48,1.3816084272158466,18.49653846153846,0.28,1,26,29.895911602209942,13.646464088397792,30.71
Bathinda,2011,24.987857142857138,9.571071428571427,29.04,1.9533984766210934,15.416785714285714,24.0,14,0,0,26.967857142857145,10.987499999999999,36.86,4.093312845716786,15.980357142857144,15.32,13,2,6,35.753461538461536,17.240384615384617,39.3,2.0329288080160457,18.513076923076923,12.12,7,19,28.236906077348067,12.316132596685081,57.67
Bathinda,2012,24.30275862068965,6.944827586206896,28.81,2.788059868889532,17.357931034482757,1.09,7,0,0,27.978965517241377,9.939310344827586,32.81,2.456820455134741,18.03965517241379,1.0899999999999999,5,0,6,36.599230769230765,18.403846153846153,40.21,2.955105308549153,18.19538461538462,2.44,2,20,27.683131868131866,11.555494505494504,42.33
Bathinda,2013,23.62,9.28892857142857,26.47,2.140560674215987,14.331071428571425,52.669999999999995,15,0,0,27.333928571428572,11.519642857142857,32.97,3.8820759426289726,15.814285714285711,35.47,11,0,11,34.042307692307695,17.505,39.1,2.856976454494937,16.537307692307692,7.66,9,9,27.78099447513812,12.102983425414367,99.1
Bathinda,2014,23.709999999999997,7.825714285714286,27.27,2.498518079300727,15.884285714285713,10.14,13,0,0,26.512857142857147,10.35392857142857,31.76,2.519514734498391,16.158928571428568,9.09,9,0,3,33.338076923076926,16.879615384615384,38.34,2.581150161041809,16.45846153846154,16.38,13,6,27.370883977900554,11.822596685082875,69.16
Bathinda,2015,26.224285714285713,10.302142857142858,30.81,3.0994520765133915,15.922142857142857,17.509999999999998,10,0,5,26.294999999999998,11.184285714285716,30.81,3.185887282654203,15.110714285714286,68.06,18,0,4,31.919615384615383,16.741153846153846,37.06,3.0366962057726234,15.17846153846154,41.17,10,4,27.456740331491712,12.338784530386741,153.39999999999998
Bathinda,2016,26.770344827586207,9.572758620689653,33.12,3.071468335176214,17.197586206896553,6.56,6,0,7,29.92517241379311,13.600344827586209,34.38,2.276108239783825,16.324827586206894,27.640000000000004,11,0,15,34.99615384615385,18.198461538461537,40.37,3.144009003706035,16.797692307692305,2.9899999999999998,11,13,29.663076923076925,13.543186813186814,36.69
Bathinda,2017,26.089285714285715,10.163571428571428,30.39,3.063177880920194,15.925714285714283,1.72,2,0,2,27.94785714285715,12.015357142857141,30.39,1.7510533488982654,15.932500000000001,13.769999999999998,7,0,3,36.46923076923077,19.218846153846155,41.12,3.6046935215931164,17.250384615384615,7.170000000000001,4,17,28.47425414364641,12.876685082872926,94.94999999999999
Bathinda,2018,27.379285714285714,10.662499999999998,32.01,2.9390940007038813,16.716785714285713,7.840000000000001,6,0,7,31.253571428571426,14.713928571428571,36.22,2.5199444648285616,16.53964285714286,1.4000000000000004,7,3,20,36.21538461538462,18.821153846153848,39.97,3.024383878768342,17.39423076923077,7.380000000000001,7,18,29.15917127071823,12.813480662983427,30.94
Bathinda,2019,22.543928571428577,7.543214285714286,25.64,1.8912632252813433,15.000714285714286,26.799999999999997,13,0,0,24.424642857142853,9.305000000000001,27.7,1.714687061704473,15.119642857142855,23.14,13,0,0,35.49576923076923,17.545,41.38,4.570221152703158,17.95076923076923,0.18000000000000002,5,14,26.402541436464087,11.709337016574587,115.55
Bathinda,2020,24.770000000000003,9.01206896551724,30.59,3.613129826460314,15.757931034482759,7.1899999999999995,4,0,1,26.414482758620693,11.27655172413793,30.59,2.599988442566203,15.137931034482758,63.239999999999995,16,0,1,30.29846153846154,15.336923076923076,35.85,2.4398404739780712,14.961538461538462,29.31,11,1,25.72571428571429,11.236978021978022,194.3
Bathinda,2021,27.814285714285713,11.055000000000001,34.64,3.4318998394382825,16.759285714285713,2.0900000000000003,4,0,6,31.945714285714292,14.721785714285716,35.61,2.44259641543118,17.22392857142857,1.49,6,2,20,35.645384615384614,17.422307692307694,40.5,1.912063243241145,18.223076923076924,7.9399999999999995,5,18,28.325966850828728,12.416132596685081,39.75
Bathinda,2022,24.30785714285714,8.555357142857144,29.08,2.530371597864714,15.7525,12.219999999999999,6,0,0,28.52821428571428,12.237142857142858,37.91,3.69103022210996,16.29107142857143,5.779999999999999,4,3,9,40.6023076923077,20.67230769230769,44.19,1.9778823174138702,19.930000000000003,0.0,0,26,29.073480662983428,13.481160220994475,91.42
Hanumangarh,2010,26.74142857142857,10.202499999999999,32.95,3.2621711859681506,16.53892857142857,6.45,8,0,6,31.178214285714287,14.055357142857146,36.82,3.224740074017369,17.122857142857143,4.1,6,3,20,39.541538461538465,21.33346153846154,42.22,1.2409953821274027,18.208076923076923,0.28,2,26,30.05204419889503,14.146906077348067,25.700000000000003
Hanumangarh,2011,25.37357142857143,9.825357142857143,29.4,1.8504658358164328,15.548214285714286,21.589999999999996,13,0,0,27.30785714285714,11.415000000000001,36.95,3.975179806921255,15.89285714285714,13.29,13,2,6,35.70461538461538,17.76153846153846,39.32,1.8055785350279971,17.943076923076923,11.879999999999999,8,18,28.52254143646409,12.904254143646412,53.620000000000005
Hanumangarh,2012,24.25758620689655,7.312068965517242,29.14,2.8413988697375476,16.94551724137931,0.71,6,0,0,27.999310344827585,10.029310344827588,33.17,2.568233037705222,17.970000000000002,0.41000000000000003,5,0,6,36.52230769230769,18.685769230769232,40.41,3.100493261005168,17.836538461538463,1.07,2,18,27.6571978021978,11.90868131868132,31.419999999999995
Hanumangarh,2013,23.83392857142857,9.960714285714285,26.66,2.1746678576291347,13.873214285714287,44.86,14,0,0,27.868214285714284,12.16214285714286,33.51,4.058361331020403,15.706071428571429,26.369999999999997,10,0,12,34.144999999999996,18.111153846153847,38.44,2.613260415649386,16.033846153846152,8.32,9,9,27.923425414364637,12.711546961325967,84.72
Hanumangarh,2014,24.228214285714284,8.283214285714285,27.27,2.1519002000323972,15.945000000000002,5.380000000000001,13,0,0,27.03321428571429,10.841071428571428,32.57,2.425703492569204,16.19214285714286,6.549999999999999,10,0,3,33.705,17.636153846153846,38.14,2.261141746994204,16.068846153846156,10.82,13,7,27.698287292817675,12.457127071823205,43.38
Hanumangarh,2015,26.536428571428576,10.665714285714287,31.65,3.048629581966679,15.870714285714284,8.5,10,0,5,26.731071428571425,11.645357142857145,31.65,2.9787970966242634,15.085714285714285,51.95,18,0,4,32.69692307692308,17.24230769230769,37.92,3.172293516345257,15.454615384615384,33.489999999999995,10,7,27.795138121546962,12.733646408839778,113.82
Hanumangarh,2016,26.88413793103448,10.190689655172413,33.04,3.0946630525579026,16.69344827586207,7.119999999999999,6,0,8,30.09931034482759,13.852758620689658,34.59,2.3831131065935027,16.246551724137934,25.65,10,0,16,35.128076923076925,18.82153846153846,39.78,2.7065712911072843,16.30653846153846,1.69,7,13,29.779615384615383,14.007417582417585,30.83
Hanumangarh,2017,27.022142857142857,11.386071428571427,31.99,3.0504272404380255,15.636071428571428,0.9299999999999999,3,0,5,28.84071428571428,12.914642857142857,31.99,1.701382724316658,15.92607142857143,3.6399999999999997,8,0,6,36.67307692307692,19.794615384615383,41.21,3.5312080303836755,16.878461538461536,6.15,3,17,28.868950276243098,13.506243093922652,54.10000000000001
Hanumangarh,2018,27.844642857142862,11.616785714285715,32.78,2.930058123735024,16.227857142857143,2.6,6,0,7,31.71214285714286,15.393214285714283,36.36,2.3157469911421944,16.31892857142857,0.6799999999999999,6,2,20,36.33653846153846,19.488846153846154,40.27,3.192861966709732,16.847692307692306,8.21,6,19,29.606740331491714,13.496022099447517,16.819999999999997
Hanumangarh,2019,23.34714285714286,8.289642857142857,27.16,2.1299606276014296,15.057499999999996,10.69,12,0,0,25.326428571428572,10.151785714285714,28.91,1.748040626457529,15.174642857142857,14.34,14,0,0,35.825384615384614,18.39538461538461,41.9,4.54823678431036,17.43,0.48,3,15,26.8475138121547,12.34303867403315,85.67999999999999
Hanumangarh,2020,25.67551724137931,9.397586206896552,33.15,3.918765828135632,16.277931034482755,3.09,3,0,5,27.310689655172418,11.870000000000001,33.15,2.970533779636345,15.440689655172413,49.34,14,0,5,31.086153846153845,15.945384615384615,36.41,2.873059800175523,15.14076923076923,32.01,14,1,26.278956043956047,11.7821978021978,247.72999999999996
Hanumangarh,2021,28.245714285714286,10.869642857142859,34.98,3.29461674112475,17.37607142857143,0.35,4,0,7,32.16321428571429,14.831428571428571,36.02,2.327277941941534,17.331785714285715,0.7100000000000001,5,2,21,35.715769230769226,17.915769230769232,40.77,2.0122329349792945,17.8,6.66,6,17,28.782983425414365,12.864309392265193,34.14
Hanumangarh,2022,25.577142857142857,9.267857142857142,31.77,2.696744068581327,16.309285714285714,4.1899999999999995,7,0,1,29.70678571428572,13.03785714285714,39.6,3.9580878787723575,16.668928571428573,2.33,4,3,10,40.86538461538461,21.469615384615388,44.46,1.9050044215575577,19.395769230769233,0.0,0,26,29.726629834254148,14.248618784530386,60.690000000000005
Hisar,2010,26.958571428571428,10.212500000000002,33.1,3.1239869045650916,16.74607142857143,6.9799999999999995,5,0,6,31.323928571428578,13.854642857142858,36.56,3.1169160200734436,17.469285714285714,3.27,4,3,20,39.35,20.918846153846154,42.13,1.3404059086709514,18.431153846153844,0.62,2,26,29.86060773480663,13.966574585635358,41.69
Hisar,2011,25.444285714285716,10.219642857142858,30.64,2.3458622809683103,15.224642857142857,26.91,10,0,1,26.945714285714285,11.439285714285717,35.84,3.678227661545535,15.506428571428572,14.85,12,1,6,35.57576923076923,17.521153846153844,38.68,1.6327355525667302,18.054615384615385,11.42,5,17,28.364033149171277,12.847624309392266,58.209999999999994
Hisar,2012,24.698620689655172,7.6772413793103444,29.7,2.9738175610987816,17.021379310344827,0.22999999999999998,6,0,0,28.359310344827588,10.352758620689656,33.36,2.381533016229076,18.006551724137932,0.59,6,0,6,36.70230769230769,18.982307692307693,40.28,2.8403989968908347,17.720000000000002,1.3,1,20,27.836318681318687,11.852142857142859,35.26
Hisar,2013,23.904642857142854,9.6225,27.43,2.227911299090194,14.282142857142858,40.370000000000005,15,0,0,28.173571428571424,12.005357142857145,34.9,4.033191195186662,16.16821428571428,32.51,12,0,11,34.168076923076924,17.77692307692308,38.61,2.680373137055017,16.39115384615385,6.89,9,10,27.779834254143644,12.3146408839779,93.0
Hisar,2014,23.97392857142857,8.699642857142857,27.64,2.464911296256459,15.274285714285714,11.37,13,0,0,26.65035714285715,11.131428571428572,31.67,2.345434465229807,15.518928571428571,13.430000000000001,10,0,1,33.610769230769236,17.57653846153846,38.36,2.2632682970906,16.03423076923077,16.18,14,5,27.534254143646415,12.388563535911603,61.120000000000005
Hisar,2015,26.897142857142857,10.629285714285716,31.94,3.1057686555503365,16.267857142857142,7.579999999999999,12,0,7,27.16107142857143,12.060357142857145,31.94,3.0822362484088224,15.100714285714288,68.63,17,0,7,32.00923076923077,17.359615384615385,37.13,3.376698888650776,14.649615384615386,61.32,11,6,27.6346408839779,12.690718232044196,173.39000000000001
Hisar,2016,26.99896551724138,10.12241379310345,32.87,3.1391221985357474,16.87655172413793,3.02,7,0,8,30.597586206896548,14.17448275862069,34.94,2.4381633239159077,16.42310344827586,21.1,13,0,17,35.580384615384624,19.03192307692308,40.59,2.7367023671115294,16.548461538461538,3.17,6,17,29.842417582417582,13.948736263736263,24.92
Hisar,2017,26.186785714285712,10.171785714285715,30.99,2.929067673144892,16.015,0.21000000000000002,2,0,3,28.20428571428572,12.156785714285718,30.99,1.8109142944961758,16.047500000000003,8.41,8,0,5,36.598076923076924,19.565384615384616,40.89,3.492438711537563,17.032692307692308,5.36,5,18,28.752541436464092,13.263093922651933,92.33000000000001
Hisar,2018,27.86571428571429,11.667500000000002,32.17,2.836244815964351,16.198214285714286,3.6499999999999995,4,0,7,31.812857142857144,15.378214285714284,36.61,2.254641068819237,16.434642857142858,0.74,4,3,20,36.067307692307686,18.79346153846154,39.97,2.7615699269687997,17.273846153846154,19.79,8,18,29.378176795580114,13.190773480662981,36.83
Hisar,2019,23.74214285714286,8.411071428571429,27.67,2.2805122185237203,15.331071428571429,8.18,12,0,0,25.5075,10.152142857142858,29.01,1.877759944031028,15.355357142857143,14.029999999999998,14,0,0,35.84192307692308,18.055,41.58,4.155069211679409,17.786923076923078,0.72,4,15,27.043701657458563,12.258950276243093,79.1
Hisar,2020,25.681724137931038,9.39896551724138,32.26,3.8395759335835113,16.282758620689656,10.06,3,0,4,27.25724137931035,11.852413793103445,32.26,2.850150242345285,15.404827586206897,65.17999999999999,14,0,5,31.308461538461536,15.861153846153845,36.51,2.9968859735501345,15.447307692307694,22.27,11,2,26.706043956043956,11.901703296703298,124.71000000000001
Hisar,2021,28.53571428571429,11.601428571428572,34.87,3.2593835233646486,16.93428571428571,2.18,2,0,7,32.19571428571428,15.27,35.5,2.218298361142526,16.925714285714285,4.95,6,2,21,35.94846153846154,18.238076923076925,41.42,2.106347914866283,17.710384615384616,3.4299999999999997,4,17,28.578121546961327,12.845635359116022,44.76
Hisar,2022,25.023928571428574,8.874285714285714,30.8,2.800152561036517,16.149642857142858,10.419999999999998,7,0,1,29.345000000000002,12.60464285714286,38.39,3.5064897505012573,16.740357142857142,2.16,5,3,10,40.373846153846145,21.285,43.73,1.948519595843114,19.088846153846156,0.0,0,26,29.236464088397792,13.740828729281764,80.67999999999999
Karnal,2010,26.335714285714285,9.955357142857142,33.49,3.1079020297388764,16.380357142857143,19.39,6,0,5,30.99785714285715,13.29892857142857,36.46,3.1396394663776253,17.69892857142857,3.27,4,2,20,39.49346153846154,20.446153846153848,42.55,1.5083791096609427,19.047307692307694,0.22999999999999998,2,26,29.013149171270715,13.327734806629834,63.81999999999999
Karnal,2011,24.09964285714286,9.504642857142857,28.4,2.0110444718416516,14.595,35.3,12,0,0,25.968571428571433,10.838214285714285,33.44,3.4817010681622746,15.130357142857145,23.470000000000002,14,0,3,34.70615384615385,16.32653846153846,37.26,1.1290033726187951,18.379615384615384,7.989999999999999,7,10,27.20999999999999,11.661436464088396,64.64
Karnal,2012,24.54655172413793,7.919655172413794,28.76,2.822906652803693,16.62689655172414,0.8400000000000001,5,0,0,28.072068965517246,10.445172413793102,32.41,2.148170948422243,17.626896551724137,5.0,6,0,6,36.91269230769231,18.396923076923077,40.36,2.5423242243149207,18.51576923076923,5.3100000000000005,2,21,27.585054945054942,11.573626373626373,57.29999999999999
Karnal,2013,23.27821428571429,9.332142857142857,27.03,2.5951436891231605,13.946071428571427,84.58000000000001,14,0,0,27.194642857142856,11.717142857142857,32.2,3.926418103944628,15.477499999999997,46.24,11,0,10,33.68346153846154,16.913076923076922,38.58,2.6624288795123783,16.770384615384614,9.760000000000002,9,7,27.09325966850829,11.457458563535912,156.56
Karnal,2014,22.951071428571424,8.348571428571427,26.56,2.2836363777580932,14.602500000000001,47.96,14,0,0,25.298214285714284,10.132857142857143,29.78,2.3105235154276,15.165357142857145,28.57,13,0,0,32.91769230769231,16.290384615384617,37.7,2.2130726290699236,16.627307692307692,20.28,16,3,26.850497237569062,11.359834254143648,157.18
Karnal,2015,26.176785714285717,10.312142857142858,31.14,2.47239283342096,15.864642857142858,14.08,10,0,2,26.393571428571427,11.765357142857141,31.14,3.094942366824987,14.628214285714288,94.92999999999998,16,0,3,31.588076923076926,16.50923076923077,36.56,3.5951233850656856,15.078846153846154,44.760000000000005,11,5,27.291049723756906,12.29878453038674,190.40999999999997
Karnal,2016,27.25931034482759,9.999310344827586,32.61,2.946300259931917,17.26,4.96,6,0,8,30.9148275862069,14.367586206896553,34.93,2.1762363000137497,16.547241379310346,23.360000000000003,10,0,20,35.68653846153846,18.599615384615383,41.1,2.9094562272805446,17.086923076923078,2.82,8,16,29.78813186813187,13.38379120879121,31.77
Karnal,2017,26.303928571428575,9.647142857142857,30.7,2.954839519720417,16.656785714285714,2.38,7,0,4,28.055714285714288,11.52357142857143,30.7,1.9156575673496334,16.53214285714286,13.729999999999999,11,0,4,36.42346153846154,18.361538461538462,41.0,3.5372859000173476,18.061923076923076,15.989999999999998,4,17,28.55629834254144,12.550220994475136,94.17
Karnal,2018,27.40892857142858,10.699285714285717,31.99,3.061076232048574,16.709642857142857,7.3100000000000005,5,0,7,31.52678571428572,14.317857142857141,36.5,2.367855810129945,17.208928571428572,1.33,4,2,20,36.165384615384625,18.63769230769231,39.67,2.385986137041422,17.527692307692305,10.01,10,19,28.478618784530383,12.365635359116022,41.55
Karnal,2019,22.582142857142856,8.637142857142857,26.77,1.8530042816261563,13.944999999999999,31.179999999999996,15,0,0,24.571428571428573,10.0325,28.35,1.929904457980036,14.538928571428572,21.16,14,0,0,34.5876923076923,17.13153846153846,40.02,3.7112610338722423,17.456153846153846,3.21,7,13,26.271436464088392,11.781546961325967,138.86
Karnal,2020,23.833448275862064,8.215172413793102,28.69,3.307239111686956,15.618275862068966,23.31,7,0,0,25.61896551724138,11.317241379310344,28.93,2.1300927961469296,14.301724137931034,94.84,17,0,0,30.641538461538463,15.599615384615383,35.24,2.6898099446729575,15.041923076923078,17.21,8,1,25.87835164835165,11.418736263736264,195.51
Karnal,2021,27.215714285714284,11.181785714285713,33.41,3.1187906352390864,16.03392857142857,12.919999999999998,4,0,6,31.258214285714285,14.421428571428573,34.61,2.407865281040493,16.836785714285714,4.559999999999999,8,0,19,36.15153846153846,18.160000000000004,40.13,1.8664119423271854,17.991538461538465,2.0,4,20,27.6385635359116,12.309999999999999,58.58
Karnal,2022,21.91607142857143,8.129285714285714,25.69,2.9023519699843368,13.786785714285715,28.95,9,0,0,27.0325,11.57714285714286,35.6,3.5477072669333714,15.45535714285714,7.15,5,1,7,38.534615384615385,19.54269230769231,42.57,2.1984835332914927,18.99192307692308,0.0,0,26,27.033093922651933,12.475856353591158,131.32999999999998
Ludhiana,2010,25.909642857142863,10.254285714285713,33.09,3.1991636431844213,15.655357142857145,11.62,10,0,5,30.316071428571426,13.332142857142856,36.0,3.165170803753127,16.98392857142857,3.9300000000000006,11,2,16,39.10923076923077,21.131923076923076,42.02,1.430778593848603,17.977307692307694,0.04,2,26,29.111767955801103,13.55403314917127,40.91
Ludhiana,2011,23.564285714285713,9.597857142857142,28.05,2.3112325212309917,13.966428571428574,28.189999999999994,15,0,0,25.896071428571428,10.990357142857144,35.25,3.9761887011686943,14.905714285714286,17.65,15,1,5,34.46923076923077,17.279615384615383,38.12,2.0253373508172374,17.189615384615387,7.03,9,8,27.095414364640888,12.132762430939227,63.230000000000004
Ludhiana,2012,22.953103448275858,7.102413793103447,27.68,2.7733220196418844,15.850689655172415,4.13,8,0,0,26.685862068965513,9.858275862068966,31.08,2.4460675689203963,16.82758620689655,3.76,8,0,1,35.66307692307692,17.958076923076923,39.17,3.0321223843780043,17.705000000000002,0.76,1,16,26.667142857142856,11.404065934065933,85.19999999999999
Ludhiana,2013,23.45714285714286,9.680000000000001,26.68,2.268908788370984,13.777142857142858,79.83000000000001,15,0,0,26.836071428571426,11.97,32.49,3.889452345801983,14.86607142857143,57.879999999999995,11,0,9,33.033076923076926,16.533461538461538,37.88,2.66102802575361,16.49961538461539,6.84,10,6,26.925690607734804,11.599060773480662,131.23999999999998
Ludhiana,2014,23.113928571428577,8.264285714285714,26.33,2.5112876131957638,14.849642857142856,20.62,13,0,0,25.530714285714286,10.093928571428568,30.73,2.5501749084115906,15.43678571428571,17.55,12,0,2,32.25076923076923,15.889615384615382,37.02,2.1356215452685867,16.361153846153847,31.499999999999996,15,2,26.34795580110497,11.074364640883976,149.13
Ludhiana,2015,24.884999999999994,10.17357142857143,29.86,2.5368214290649154,14.711428571428574,49.15,11,0,0,24.516785714285714,11.101785714285713,29.86,3.0284222191705927,13.415000000000003,121.44999999999999,19,0,0,30.293076923076924,16.120384615384612,36.33,3.5383733768281367,14.172692307692309,39.96,14,1,26.3143093922652,11.962707182320441,240.07
Ludhiana,2016,26.492758620689653,9.385517241379308,33.04,3.17014070953114,17.107241379310345,7.47,8,0,6,29.729655172413793,13.771724137931034,34.71,2.43129665986606,15.957931034482758,42.78,11,0,13,34.32192307692308,17.54,40.12,2.773915671725828,16.78192307692308,7.86,11,11,29.029285714285713,13.13697802197802,68.06
Ludhiana,2017,25.529285714285717,9.936071428571429,30.18,3.413344106505816,15.593214285714286,7.23,8,0,1,26.968928571428567,11.1225,30.18,2.0577537902712413,15.846428571428572,33.709999999999994,14,0,1,35.04461538461538,17.647692307692306,39.59,3.3437610330515315,17.396923076923077,10.470000000000002,7,15,27.65624309392265,12.450276243093922,157.75
Ludhiana,2018,26.05535714285714,10.14357142857143,30.89,3.4013303303079834,15.911785714285715,23.35,7,0,3,29.88357142857143,14.055357142857144,35.07,2.597362215054049,15.828214285714285,6.05,9,1,13,35.23538461538462,18.17769230769231,38.97,2.9793827961767256,17.057692307692307,20.51,12,16,27.658066298342543,12.288397790055248,79.75999999999999
Ludhiana,2019,20.821785714285713,8.049642857142857,23.64,1.5925708393371014,12.772142857142857,82.47000000000001,17,0,0,22.32285714285714,9.45857142857143,26.0,1.9809086152064013,12.864285714285716,43.6,18,0,0,33.13269230769231,16.712692307692308,38.61,4.328772165584424,16.42,1.73,10,13,24.84060773480663,11.40657458563536,230.55
Ludhiana,2020,22.86793103448276,8.704137931034483,27.21,3.2880893054763853,14.163793103448276,11.49,7,0,0,24.62827586206897,11.46344827586207,27.43,2.05915389864991,13.164827586206895,84.78,17,0,0,28.38346153846154,15.288846153846153,34.66,2.617858578774174,13.094615384615386,29.66,14,0,24.53637362637363,11.13879120879121,227.81
Ludhiana,2021,26.541785714285716,11.350357142857145,32.38,3.2512197751697784,15.191428571428572,6.699999999999999,6,0,5,30.681071428571432,14.456071428571429,34.47,2.5287185149878444,16.225,3.0,10,0,18,34.51769230769231,16.983076923076922,38.67,1.8485936442437696,17.53461538461539,13.04,8,8,27.426464088397786,12.246906077348067,67.16
Ludhiana,2022,21.932499999999997,8.521428571428572,25.09,2.5665593411904295,13.411071428571429,39.56,9,0,0,26.303214285714287,11.857857142857142,35.13,3.6905364997632333,14.445357142857139,17.939999999999998,8,1,4,38.15692307692308,19.625769230769233,41.76,2.0099249124895566,18.531153846153845,0.03,2,26,27.339834254143646,12.896353591160219,173.67999999999998
Meerut,2010,26.610714285714288,10.13107142857143,33.63,3.0142475611316932,16.479642857142856,26.810000000000002,7,0,5,31.072857142857142,13.384285714285713,36.51,2.9370820202457395,17.688571428571425,3.54,6,2,20,39.79538461538462,20.42961538461539,42.95,1.6250568747443412,19.36576923076923,0.02,2,26,28.85027624309392,13.332928176795578,70.85
Meerut,2011,24.037142857142857,9.39,28.37,2.0903621113610336,14.647142857142855,41.51,13,0,0,25.825714285714287,10.754642857142857,32.74,3.3787938112657327,15.071071428571429,28.779999999999998,13,0,3,34.66346153846153,16.496153846153845,37.01,1.093390844328568,18.167307692307695,2.4099999999999997,6,11,27.069447513812154,11.572983425414364,63.800000000000004
Meerut,2012,24.976551724137934,8.128275862068966,29.62,2.874377293882313,16.848275862068967,1.22,6,0,0,28.392758620689655,10.533448275862067,33.11,2.0812494471071323,17.859310344827588,6.25,5,0,6,37.31730769230769,18.661923076923078,41.07,2.3836720541086316,18.655384615384612,2.58,2,22,27.788351648351647,11.57335164835165,60.9
Meerut,2013,23.128214285714282,9.254642857142857,27.31,2.6008574847701005,13.873571428571429,95.58999999999999,14,0,0,27.23785714285714,11.491428571428571,32.84,3.9303589103313668,15.746428571428572,42.11,11,0,10,34.02230769230769,17.075000000000003,38.97,2.7157368174288283,16.947307692307696,13.829999999999998,9,8,26.81950276243094,11.324806629834255,165.97
Meerut,2014,22.821071428571432,8.299642857142857,25.74,2.1355324416931274,14.521428571428569,59.95,15,0,0,24.84714285714286,9.965,29.58,2.3264419775984693,14.882142857142856,39.76,14,0,0,33.07807692307693,16.379615384615384,38.17,2.3698304061358813,16.69846153846154,11.79,17,4,26.96497237569061,11.3953591160221,160.81
Meerut,2015,26.683214285714286,10.682857142857141,31.53,2.265467090373669,16.000357142857144,9.28,9,0,2,26.836785714285714,12.25035714285714,31.53,2.9017836833529733,14.586428571428572,89.48,18,0,3,31.835384615384616,16.725384615384616,36.74,3.8039676452559172,15.109999999999998,42.63999999999999,13,6,27.710055248618787,12.52646408839779,180.68
Meerut,2016,27.732758620689655,10.324137931034482,32.33,2.6756346330646816,17.408620689655173,6.12,7,0,8,31.400689655172414,14.86551724137931,35.48,2.2564098080080393,16.535172413793102,26.79,11,1,20,36.21730769230769,18.979230769230767,40.98,2.8257509553282407,17.238076923076925,2.37,8,17,30.291263736263737,13.588626373626374,33.08
Meerut,2017,27.318928571428575,10.031785714285713,32.03,2.956885673068522,17.287142857142857,1.15,4,0,7,29.173214285714288,12.270357142857142,32.03,2.116797115090397,16.90285714285714,10.88,8,0,11,37.18807692307692,18.779615384615383,41.37,3.4324778446256796,18.408461538461538,11.090000000000002,5,19,29.282265193370165,12.831657458563537,59.0
Meerut,2018,28.308571428571423,11.169285714285715,32.55,3.002297532922158,17.139285714285712,3.0699999999999994,4,0,8,32.348571428571425,14.535357142857142,37.06,2.3371424690495277,17.813214285714288,1.31,3,3,23,36.658846153846156,18.958846153846153,40.53,2.1988275547174263,17.700000000000003,12.21,8,20,29.18591160220994,12.62204419889503,28.759999999999998
Meerut,2019,23.278571428571432,9.199642857142859,27.81,1.9563092883657305,14.078928571428571,32.25,15,0,0,25.404285714285713,10.431071428571428,29.78,2.268854219843018,14.973214285714283,15.749999999999998,15,0,0,35.209230769230764,17.662307692307692,40.64,3.614334708437416,17.546923076923076,2.3600000000000003,7,14,27.067182320441987,12.181712707182319,150.05
Meerut,2020,24.579310344827583,8.367241379310345,29.92,3.0742756766367894,16.21206896551724,22.549999999999997,7,0,0,26.404827586206896,11.671724137931035,29.64,1.8482822540511483,14.733103448275864,88.26,17,0,0,31.87230769230769,16.11230769230769,35.37,2.3075204141108823,15.759999999999998,6.709999999999999,8,2,26.88236263736264,11.700439560439563,158.57
Meerut,2021,27.930714285714284,11.18357142857143,33.95,3.0542076969460763,16.747142857142858,6.86,4,0,6,31.927500000000002,14.66285714285714,35.56,2.4177516721425607,17.26464285714286,2.6599999999999997,5,1,20,36.824615384615385,18.681153846153844,40.28,1.8041379786906122,18.14346153846154,0.27,4,22,27.94325966850829,12.540220994475137,52.67999999999999
Meerut,2022,22.219285714285714,8.009642857142856,26.6,2.8861366315690353,14.209642857142859,31.609999999999996,11,0,0,27.245,11.465,35.16,3.380988788089245,15.78,6.629999999999999,6,1,8,38.765,19.529230769230768,42.93,2.2220643555036834,19.23576923076923,0.0,0,26,27.40171270718232,12.440220994475137,122.4
Muzaffarnagar,2010,26.321071428571422,10.396428571428572,33.56,3.2228309838191254,15.924642857142857,29.440000000000005,6,0,5,30.832857142857144,13.51,35.84,2.8913521854518973,17.322857142857142,4.89,5,1,20,39.50807692307693,20.76846153846154,42.75,1.677812907879229,18.739615384615384,0.03,1,26,28.78104972375691,13.484696132596687,78.76999999999998
Muzaffarnagar,2011,23.59035714285714,9.637857142857143,27.72,2.0241879618162697,13.9525,39.55999999999999,14,0,0,25.70571428571429,10.985714285714284,33.09,3.4359401415165336,14.72,24.67,13,0,3,34.40692307692307,16.622307692307693,36.73,1.062403950409708,17.784615384615385,4.76,6,7,26.524751381215466,11.555856353591158,71.28999999999999
Muzaffarnagar,2012,24.582413793103452,8.498965517241379,29.32,2.8491974498750317,16.083448275862068,1.5299999999999998,7,0,0,27.8751724137931,10.82137931034483,31.98,1.969798069218654,17.053793103448275,9.07,5,0,3,36.78846153846153,18.386153846153846,40.64,2.4936779139378724,18.402307692307694,2.26,2,20,27.293296703296704,11.707582417582419,77.65
Muzaffarnagar,2013,22.589642857142856,9.185,26.29,2.501028650809365,13.404642857142857,109.6,13,0,0,26.540357142857143,11.617142857142857,31.42,3.8407073828994314,14.923214285714286,49.06,10,0,7,33.61,16.95423076923077,39.13,2.790339047499425,16.65576923076923,10.45,7,7,26.511602209944755,11.348176795580112,195.31
Muzaffarnagar,2014,22.582500000000003,8.515714285714285,26.13,2.1685831267852698,14.066785714285713,66.63,15,0,0,24.578928571428577,10.002499999999998,28.98,2.3963032320418423,14.57642857142857,42.959999999999994,13,0,0,32.644615384615385,16.05423076923077,37.59,2.3805667069321634,16.590384615384615,19.53,17,3,26.762430939226515,11.339337016574586,197.31
Muzaffarnagar,2015,26.648571428571426,10.874285714285714,31.75,2.2882076347862705,15.774285714285714,15.230000000000002,9,0,2,26.52392857142857,12.257857142857144,31.75,3.111607110405138,14.266071428571427,110.89,17,0,2,31.549230769230768,16.60076923076923,36.43,3.701114343628873,14.94846153846154,46.269999999999996,14,6,27.565966850828733,12.499447513812155,211.27
Muzaffarnagar,2016,27.584137931034483,10.407586206896552,32.23,2.736332943977316,17.17655172413793,12.34,7,0,8,31.178965517241377,14.691034482758619,35.23,2.1959042147136207,16.48793103448276,28.319999999999993,12,1,20,36.12692307692308,19.026153846153846,41.17,2.747798783362085,17.10076923076923,3.2700000000000005,9,16,30.151428571428568,13.598076923076926,43.309999999999995
Muzaffarnagar,2017,27.332857142857147,10.349999999999998,32.06,2.964559622711906,16.982857142857146,4.180000000000001,6,0,8,28.947142857142858,12.082142857142857,32.06,2.1445173110409947,16.865000000000002,13.209999999999999,10,0,11,36.82769230769231,18.67576923076923,41.07,3.393597863851647,18.15192307692308,20.67,5,18,29.10375690607735,12.8739226519337,85.97999999999999
Muzaffarnagar,2018,27.88357142857143,11.087500000000002,32.03,3.078093703343166,16.796071428571427,4.99,4,0,8,31.817142857142862,14.501785714285715,36.84,2.3261776900105127,17.315357142857145,2.84,5,2,23,36.181538461538466,18.788076923076922,39.67,2.2865427042724433,17.39346153846154,14.43,9,19,28.809337016574588,12.586022099447515,43.66
Muzaffarnagar,2019,22.964642857142856,9.455714285714283,27.5,2.163168941096573,13.508928571428571,41.05,14,0,0,24.967142857142854,10.571785714285713,29.14,2.317659830507292,14.395357142857142,23.69,15,0,0,34.63384615384616,17.38692307692308,40.14,3.4664945716652453,17.246923076923075,5.420000000000001,7,13,26.679171270718232,12.13386740331492,161.59
Muzaffarnagar,2020,23.930344827586204,8.637241379310346,29.56,3.244313137474579,15.293103448275861,30.96,8,0,0,25.498620689655176,11.784827586206898,28.98,2.342357975779857,13.713793103448275,107.8,18,0,0,30.917692307692313,15.739999999999998,35.2,2.6489428951071146,15.177692307692308,13.5,11,1,26.26598901098901,11.663186813186812,211.57999999999998
Muzaffarnagar,2021,27.58785714285714,11.627142857142857,33.45,3.0297859075358193,15.960714285714287,12.59,5,0,6,31.502499999999998,14.854285714285714,34.51,2.359035623739938,16.648214285714282,5.16,6,0,20,36.47153846153846,18.49923076923077,39.64,1.7531587316787773,17.972307692307695,1.1500000000000001,5,21,27.691436464088397,12.587016574585636,67.19000000000001
Muzaffarnagar,2022,21.530714285714286,8.145357142857145,25.26,2.684272338906392,13.385357142857146,36.38,10,0,0,26.547142857142855,11.518214285714285,34.66,3.458901406776281,15.028928571428569,7.669999999999999,6,0,6,38.22115384615385,19.400000000000002,42.07,2.2819593807481797,18.821153846153845,0.0,0,25,26.865469613259666,12.484806629834255,144.28999999999996
Panipat,2010,26.335714285714285,9.955357142857142,33.49,3.1079020297388764,16.380357142857143,19.39,6,0,5,30.99785714285715,13.29892857142857,36.46,3.1396394663776253,17.69892857142857,3.27,4,2,20,39.49346153846154,20.446153846153848,42.55,1.5083791096609427,19.047307692307694,0.22999999999999998,2,26,29.013149171270715,13.327734806629834,63.81999999999999
Panipat,2011,24.09964285714286,9.504642857142857,28.4,2.0110444718416516,14.595,35.3,12,0,0,25.968571428571433,10.838214285714285,33.44,3.4817010681622746,15.130357142857145,23.470000000000002,14,0,3,34.70615384615385,16.32653846153846,37.26,1.1290033726187951,18.379615384615384,7.989999999999999,7,10,27.20999999999999,11.661436464088396,64.64
Panipat,2012,24.54655172413793,7.919655172413794,28.76,2.822906652803693,16.62689655172414,0.8400000000000001,5,0,0,28.072068965517246,10.445172413793102,32.41,2.148170948422243,17.626896551724137,5.0,6,0,6,36.91269230769231,18.396923076923077,40.36,2.5423242243149207,18.51576923076923,5.3100000000000005,2,21,27.585054945054942,11.573626373626373,57.29999999999999
Panipat,2013,23.27821428571429,9.332142857142857,27.03,2.5951436891231605,13.946071428571427,84.58000000000001,14,0,0,27.194642857142856,11.717142857142857,32.2,3.926418103944628,15.477499999999997,46.24,11,0,10,33.68346153846154,16.913076923076922,38.58,2.6624288795123783,16.770384615384614,9.760000000000002,9,7,27.09325966850829,11.457458563535912,156.56
Panipat,2014,22.951071428571424,8.348571428571427,26.56,2.2836363777580932,14.602500000000001,47.96,14,0,0,25.298214285714284,10.132857142857143,29.78,2.3105235154276,15.165357142857145,28.57,13,0,0,32.91769230769231,16.290384615384617,37.7,2.2130726290699236,16.627307692307692,20.28,16,3,26.850497237569062,11.359834254143648,157.18
Panipat,2015,26.176785714285717,10.312142857142858,31.14,2.47239283342096,15.864642857142858,14.08,10,0,2,26.393571428571427,11.765357142857141,31.14,3.094942366824987,14.628214285714288,94.92999999999998,16,0,3,31.588076923076926,16.50923076923077,36.56,3.5951233850656856,15.078846153846154,44.760000000000005,11,5,27.291049723756906,12.29878453038674,190.40999999999997
Panipat,2016,27.25931034482759,9.999310344827586,32.61,2.946300259931917,17.26,4.96,6,0,8,30.9148275862069,14.367586206896553,34.93,2.1762363000137497,16.547241379310346,23.360000000000003,10,0,20,35.68653846153846,18.599615384615383,41.1,2.9094562272805446,17.086923076923078,2.82,8,16,29.78813186813187,13.38379120879121,31.77
Panipat,2017,26.303928571428575,9.647142857142857,30.7,2.954839519720417,16.656785714285714,2.38,7,0,4,28.055714285714288,11.52357142857143,30.7,1.9156575673496334,16.53214285714286,13.729999999999999,11,0,4,36.42346153846154,18.361538461538462,41.0,3.5372859000173476,18.061923076923076,15.989999999999998,4,17,28.55629834254144,12.550220994475136,94.17
Panipat,2018,27.40892857142858,10.699285714285717,31.99,3.061076232048574,16.709642857142857,7.3100000000000005,5,0,7,31.52678571428572,14.317857142857141,36.5,2.367855810129945,17.208928571428572,1.33,4,2,20,36.165384615384625,18.63769230769231,39.67,2.385986137041422,17.527692307692305,10.01,10,19,28.478618784530383,12.365635359116022,41.55
Panipat,2019,22.582142857142856,8.637142857142857,26.77,1.8530042816261563,13.944999999999999,31.179999999999996,15,0,0,24.571428571428573,10.0325,28.35,1.929904457980036,14.538928571428572,21.16,14,0,0,34.5876923076923,17.13153846153846,40.02,3.7112610338722423,17.456153846153846,3.21,7,13,26.271436464088392,11.781546961325967,138.86
Panipat,2020,23.833448275862064,8.215172413793102,28.69,3.307239111686956,15.618275862068966,23.31,7,0,0,25.61896551724138,11.317241379310344,28.93,2.1300927961469296,14.301724137931034,94.84,17,0,0,30.641538461538463,15.599615384615383,35.24,2.6898099446729575,15.041923076923078,17.21,8,1,25.87835164835165,11.418736263736264,195.51
Panipat,2021,27.215714285714284,11.181785714285713,33.41,3.1187906352390864,16.03392857142857,12.919999999999998,4,0,6,31.258214285714285,14.421428571428573,34.61,2.407865281040493,16.836785714285714,4.559999999999999,8,0,19,36.15153846153846,18.160000000000004,40.13,1.8664119423271854,17.991538461538465,2.0,4,20,27.6385635359116,12.309999999999999,58.58
Panipat,2022,21.91607142857143,8.129285714285714,25.69,2.9023519699843368,13.786785714285715,28.95,9,0,0,27.0325,11.57714285714286,35.6,3.5477072669333714,15.45535714285714,7.15,5,1,7,38.534615384615385,19.54269230769231,42.57,2.1984835332914927,18.99192307692308,0.0,0,26,27.033093922651933,12.475856353591158,131.32999999999998
Patiala,2010,26.233571428571427,10.521428571428572,33.45,3.1610924205099247,15.712142857142856,12.72,8,0,5,30.630000000000003,13.6575,35.95,3.130179263592139,16.9725,3.4000000000000004,9,2,18,39.22153846153846,21.160384615384615,42.17,1.4841528015880097,18.061153846153847,0.12,2,26,29.300497237569058,13.86646408839779,51.06
Patiala,2011,23.925357142857145,10.054642857142856,28.51,2.04930969794593,13.870714285714286,28.41,13,0,0,26.240000000000002,11.480357142857144,34.72,3.619836296687298,14.75964285714286,21.66,13,0,5,34.28384615384615,17.536923076923078,37.55,1.9160105989750205,16.74692307692308,11.699999999999998,10,7,27.16558011049724,12.379171270718233,61.91
Patiala,2012,23.711034482758624,8.08,27.93,2.669162983873926,15.631034482758619,1.63,7,0,0,27.263448275862068,10.577241379310346,31.21,2.226087656889916,16.686206896551724,2.8899999999999997,6,0,2,36.20192307692308,18.529615384615386,39.91,2.6557861649323637,17.672307692307694,3.8,2,20,27.07285714285714,11.957362637362635,65.55
Patiala,2013,23.362500000000004,9.978214285714285,27.29,2.6757783568178466,13.384285714285715,84.04,15,0,0,26.886428571428578,12.27035714285714,32.13,4.090356512838019,14.616071428571429,58.05,11,0,9,33.30423076923077,16.98153846153846,38.02,2.3789412318540752,16.32269230769231,6.959999999999999,10,6,26.993038674033148,11.95745856353591,145.63000000000002
Patiala,2014,22.836785714285714,8.636785714285713,26.28,2.6852478381670757,14.199999999999998,37.690000000000005,14,0,0,25.244642857142857,10.415714285714287,30.31,2.3240569288349215,14.828928571428573,17.689999999999998,12,0,1,32.505,16.185769230769232,37.31,2.18906052908548,16.319230769230767,29.82,15,2,26.50867403314917,11.439226519337016,171.25000000000003
Patiala,2015,25.61071428571429,10.56892857142857,30.44,2.5611469198336803,15.041785714285714,32.78,12,0,1,25.451071428571428,11.716785714285711,30.44,3.0642591265604473,13.734285714285715,110.44000000000001,20,0,1,30.88769230769231,16.534230769230767,36.38,3.4828991460475085,14.353461538461538,39.410000000000004,13,4,26.729889502762433,12.399116022099449,227.74
Patiala,2016,26.743793103448272,10.130689655172414,32.89,3.1623357255957676,16.613103448275865,8.58,9,0,6,29.973793103448273,14.35448275862069,34.63,2.260503126349631,15.619310344827587,52.169999999999995,11,0,13,34.490769230769224,17.985,40.01,2.8898414116721676,16.505769230769232,10.55,12,13,29.260439560439558,13.494230769230771,80.93
Patiala,2017,25.48035714285714,10.0925,30.45,3.2062548616875786,15.387857142857143,5.540000000000001,8,0,1,27.08857142857143,11.348928571428573,30.45,1.955443900131335,15.739642857142856,30.289999999999996,12,0,1,35.1476923076923,17.461923076923078,39.81,3.346090623629083,17.685769230769232,17.49,6,15,27.730994475138118,12.674972375690608,167.06
Patiala,2018,26.374285714285715,10.67,31.08,3.388968409163308,15.704285714285716,23.68,7,0,4,30.20428571428572,14.372142857142853,35.27,2.4124652038502776,15.832142857142857,6.540000000000001,8,2,14,35.30692307692307,18.388076923076923,39.11,2.7084781988869975,16.918846153846154,18.31,11,15,27.612375690607735,12.483867403314918,87.79
Patiala,2019,20.994285714285716,8.608214285714284,23.57,1.7497268116320088,12.386071428571427,67.28999999999999,15,0,0,22.638928571428572,10.05892857142857,25.88,1.8579625226171104,12.580000000000002,45.1,17,0,0,33.3,17.116153846153846,38.94,4.083731626833477,16.183846153846154,5.02,10,10,24.977182320441994,11.793425414364645,219.46000000000004
Patiala,2020,22.933448275862066,8.728275862068967,27.81,3.3822987490146703,14.205172413793099,14.12,9,0,0,24.673793103448276,11.65655172413793,27.56,2.166200448766562,13.017241379310343,91.99,19,0,0,28.98538461538461,15.581923076923077,35.04,2.5711635199173637,13.403461538461539,19.54,14,1,24.907747252747257,11.587637362637361,242.49
Patiala,2021,26.914285714285715,11.688571428571427,33.3,3.345208213163717,15.225714285714286,16.45,6,0,5,31.005357142857143,14.804642857142857,34.53,2.4882099502682156,16.200714285714287,6.210000000000001,9,0,18,35.165769230769236,17.797307692307694,38.98,1.8317339830377624,17.36846153846154,11.97,7,14,27.789116022099453,12.738232044198895,70.59
Patiala,2022,21.841428571428573,8.673571428571428,24.69,2.550560888620549,13.167857142857144,33.72,8,0,0,26.55071428571429,12.251785714285713,35.55,3.608005428848905,14.298928571428574,10.36,7,1,4,38.307307692307695,20.04769230769231,41.98,1.9964179075380135,18.259615384615387,0.09,3,26,27.230828729281768,13.109779005524862,173.42000000000002
Saharanpur,2010,25.747857142857136,10.986428571428572,33.04,3.4589822493123896,14.76142857142857,34.41,6,0,4,30.123571428571427,13.952142857142858,34.25,2.8019123288234233,16.17142857142857,6.95,5,0,17,38.76192307692308,20.951923076923077,42.17,1.874716019520331,17.81,0.03,1,25,28.26182320441989,13.924806629834254,91.96000000000001
Saharanpur,2011,22.93535714285714,10.4425,26.76,1.915489459048227,12.492857142857138,38.84000000000001,14,0,0,25.20357142857143,11.647499999999997,32.64,3.549483232377809,13.556071428571428,23.380000000000003,13,0,2,33.61076923076923,16.961923076923078,36.05,1.108642135504232,16.64884615384615,7.140000000000001,8,3,25.829337016574588,12.042872928176797,81.4
Saharanpur,2012,23.979655172413793,9.474827586206898,28.57,2.787855656694151,14.504827586206899,2.18,5,0,0,27.057931034482756,11.362758620689657,30.25,1.8801697858558732,15.695172413793104,13.059999999999999,6,0,2,35.85961538461539,17.98769230769231,39.33,2.362296307865262,17.87192307692308,2.3600000000000003,2,17,26.386538461538464,12.220274725274724,99.94
Saharanpur,2013,21.717142857142857,10.092500000000001,25.04,2.502554039292003,11.624642857142858,131.68,13,0,0,25.396071428571428,12.39892857142857,29.47,3.6409617566279806,12.997142857142858,57.60999999999999,10,0,0,32.67346153846154,16.82923076923077,38.16,2.770071395914109,15.84423076923077,7.03,8,5,25.803149171270718,12.025027624309393,236.67000000000002
Saharanpur,2014,21.827142857142857,9.314642857142857,25.53,2.098713639780078,12.512500000000001,81.61999999999999,16,0,0,23.74607142857143,10.681785714285713,28.23,2.3207922326872756,13.064285714285715,49.63,13,0,0,31.655769230769234,16.127307692307692,36.16,2.3554467484142747,15.528461538461537,28.43,17,2,26.10513812154696,11.864088397790058,250.75
Saharanpur,2015,26.293928571428573,11.579285714285714,32.02,2.3648151431720117,14.71464285714286,21.710000000000004,11,0,2,25.85107142857143,12.885357142857144,32.02,3.380197604661723,12.965714285714284,136.46,19,0,2,30.913846153846148,16.817692307692308,35.74,3.356829548157698,14.096153846153847,48.230000000000004,13,3,26.926906077348068,12.908397790055247,249.55
Saharanpur,2016,26.857931034482757,11.12241379310345,31.2,2.6860185342812626,15.735517241379311,23.419999999999998,7,0,5,30.206206896551723,14.914482758620691,34.34,2.1112444092679143,15.291724137931036,35.35,11,0,17,35.37692307692308,19.111153846153847,40.78,2.7209641956200294,16.265769230769234,7.43,11,14,29.27423076923077,13.915934065934065,68.94999999999999
Saharanpur,2017,26.785357142857144,11.244285714285713,31.84,2.8176368902863698,15.54107142857143,11.25,8,0,5,27.89107142857143,12.16392857142857,31.84,2.3481487417170817,15.727142857142857,25.820000000000004,13,0,5,35.82153846153846,18.550384615384612,40.73,3.429249121668115,17.271153846153844,33.37,6,15,28.305469613259667,13.349447513812155,143.77
Saharanpur,2018,27.000357142857137,11.197500000000002,31.06,3.2304024312343604,15.802857142857139,10.469999999999999,6,0,6,30.903571428571432,14.507857142857146,36.04,2.1713303897324465,16.395714285714288,8.03,6,2,18,35.15346153846154,18.655,38.92,2.405866068271785,16.49846153846154,24.21,12,16,27.741160220994477,12.82790055248619,82.92
Saharanpur,2019,21.762857142857143,9.963571428571429,25.86,2.084398584800292,11.799285714285713,62.87,17,0,0,23.56,10.755,27.56,2.3760798714596185,12.805000000000001,43.32,18,0,0,33.393846153846155,17.07346153846154,39.24,3.571331490548674,16.320384615384615,13.449999999999998,10,11,25.549889502762426,12.310331491712706,214.10000000000002
Saharanpur,2020,23.108275862068965,9.003103448275864,29.22,3.415450262060749,14.105172413793102,39.49,9,0,0,24.358275862068968,11.882758620689652,27.74,2.501698093246604,12.475517241379311,130.36999999999998,19,0,0,29.549999999999997,15.578846153846154,34.56,2.6268536312478474,13.971153846153848,27.749999999999996,13,0,25.245714285714282,11.911428571428573,301.40000000000003
Saharanpur,2021,27.079642857142858,12.038214285714288,32.73,3.0582244693223393,15.041428571428572,20.43,6,0,6,30.76285714285714,14.982857142857142,33.25,2.138051825486372,15.78,9.450000000000001,7,0,20,35.59653846153846,18.352692307692305,38.35,1.7838765479879872,17.243846153846153,4.03,6,15,27.27243093922652,12.91988950276243,102.73
Saharanpur,2022,20.99142857142857,8.336071428571428,23.85,2.595245958922119,12.655357142857142,43.5,11,0,0,25.825,11.89857142857143,34.25,3.445955761630017,13.92642857142857,11.55,6,0,3,37.418846153846154,19.95384615384615,41.19,2.340484269416185,17.465,0.01,1,21,26.152596685082873,12.938287292817682,178.05
Sri_Ganganagar,2010,26.69142857142857,10.042500000000002,32.92,3.312223952758556,16.64892857142857,6.1000000000000005,6,0,5,31.0975,13.740357142857144,37.34,3.3415195312578647,17.357142857142858,4.54,7,4,18,39.77269230769231,21.156923076923075,42.53,1.2750390039282962,18.61576923076923,0.03,1,26,30.21950276243094,13.96281767955801,15.02
Sri_Ganganagar,2011,25.057142857142857,9.358214285714284,29.12,1.800318607898916,15.69892857142857,17.66,13,0,0,27.258928571428573,11.099642857142857,37.74,4.350943992323807,16.159285714285712,11.780000000000001,13,3,6,35.923846153846156,17.774615384615384,39.85,1.8313472132243565,18.14923076923077,8.45,9,19,28.662928176795585,12.708011049723757,48.879999999999995
Sri_Ganganagar,2012,24.039310344827587,6.914137931034484,29.43,2.734496468449099,17.125172413793102,2.2600000000000002,8,0,0,27.771034482758623,9.831379310344827,33.14,2.6466115058795814,17.939655172413794,1.03,7,0,6,36.565384615384616,18.709230769230768,40.99,3.343424867729773,17.85615384615385,0.31,3,17,27.62934065934066,11.826153846153844,31.64
Sri_Ganganagar,2013,23.526071428571434,9.888571428571428,26.26,2.0342317492173327,13.6375,58.54999999999999,14,0,0,27.45214285714286,11.91,33.12,3.9430307549385835,15.542142857142858,21.61,11,0,11,33.86769230769231,17.595769230769232,38.54,2.8729640550376643,16.271923076923077,8.760000000000002,9,9,27.884419889502762,12.589226519337018,82.99000000000001
Sri_Ganganagar,2014,24.235000000000003,8.182142857142857,27.35,2.0184711853097945,16.052857142857142,2.61,12,0,0,27.038928571428574,10.80107142857143,33.34,2.584494132443508,16.23785714285714,3.8400000000000003,12,0,3,33.76461538461538,17.575769230769232,38.06,2.235248945006763,16.188846153846153,6.59,14,7,27.69977900552486,12.267679558011048,43.75
Sri_Ganganagar,2015,26.36535714285714,10.52035714285714,32.09,3.046224721341164,15.844999999999999,11.790000000000001,10,0,4,26.302142857142854,11.405000000000001,32.09,3.200042079749782,14.897142857142859,52.68000000000001,19,0,3,32.51538461538461,16.98153846153846,38.06,3.2604885900971725,15.533846153846156,22.849999999999994,12,7,27.767292817679564,12.613149171270718,100.89000000000001
Sri_Ganganagar,2016,26.7548275862069,10.28,33.37,3.195858503806869,16.474827586206896,7.54,3,0,8,29.81310344827586,13.773793103448275,34.28,2.776120241642842,16.039310344827587,29.08,11,0,16,34.60307692307692,18.439615384615387,39.28,2.889985147686083,16.163461538461537,2.8500000000000005,11,14,29.716758241758242,13.919999999999998,38.60000000000001
Sri_Ganganagar,2017,27.18535714285714,11.250714285714285,32.13,3.1635124432876793,15.934642857142858,2.3499999999999996,2,0,6,28.7925,12.811071428571427,32.13,1.7717361750763219,15.981428571428571,2.41,6,0,7,36.629615384615384,19.735,41.39,3.502039954962514,16.894615384615385,7.380000000000001,3,17,28.91110497237569,13.424806629834254,41.88
Sri_Ganganagar,2018,27.675714285714285,11.212142857142855,33.13,2.999357250369471,16.463571428571427,4.53,6,0,8,31.725357142857142,15.174285714285714,36.38,2.24275208276838,16.55107142857143,0.8500000000000001,8,2,21,36.667307692307695,19.64,40.74,3.279603095122711,17.027307692307694,5.77,7,19,29.634419889502762,13.393977900552489,16.21
Sri_Ganganagar,2019,22.85571428571428,7.954642857142858,26.56,2.093624234160093,14.901071428571429,14.34,12,0,0,25.024642857142855,9.871428571428572,28.99,1.79511782785226,15.153214285714286,16.159999999999997,13,0,0,35.79769230769231,18.569615384615386,42.19,4.782505040409101,17.228076923076923,0.12000000000000001,5,16,26.739337016574584,12.22939226519337,85.80999999999999
Sri_Ganganagar,2020,25.599310344827586,9.285517241379312,32.42,3.930129887924901,16.313793103448276,2.54,4,0,3,27.04448275862069,11.803793103448278,32.42,3.0590142975975785,15.240689655172412,77.53,15,0,3,29.99076923076923,15.626538461538464,35.32,2.7135142130851984,14.36423076923077,48.339999999999996,14,1,25.708131868131865,11.500164835164833,528.63
Sri_Ganganagar,2021,27.25285714285715,10.155000000000001,33.39,3.176248494270323,17.097857142857144,0.19,3,0,5,31.360714285714288,13.988928571428573,35.38,2.321547900880931,17.371785714285714,0.15000000000000002,3,2,19,35.33615384615385,17.388076923076923,40.25,2.180998077803971,17.948076923076925,9.149999999999999,8,15,28.56911602209945,12.570662983425414,35.22
Sri_Ganganagar,2022,25.422499999999996,9.091785714285715,31.13,2.655457866636464,16.330714285714286,2.5300000000000002,8,0,1,29.74857142857143,13.051428571428572,39.85,4.213232870009824,16.697142857142854,3.1300000000000003,5,3,10,41.19076923076922,21.19192307692308,44.84,1.9434586140732155,19.998846153846156,0.0,0,26,29.89093922651933,14.207513812154696,60.64
